<?xml version="1.0" encoding="UTF-8"?>
<!DOCTYPE mapper
        PUBLIC "-//mybatis.org//DTD Mapper 3.0//EN"
        "http://mybatis.org/dtd/mybatis-3-mapper.dtd">
<mapper namespace="com.yupi.springbootinit.mapper.OcrPicTextMapper">

<!--    <resultMap id="BaseResultMap" type="com.yupi.springbootinit.model.entity.OcrPicText">-->
<!--            <id property="id" column="id" jdbcType="BIGINT"/>-->
<!--            <result property="name" column="name" jdbcType="VARCHAR"/>-->
<!--            <result property="goal" column="goal" jdbcType="VARCHAR"/>-->
<!--            <result property="chartData" column="chartData" jdbcType="VARCHAR"/>-->
<!--            <result property="chartType" column="chartType" jdbcType="VARCHAR"/>-->
<!--            <result property="genChart" column="genChart" jdbcType="VARCHAR"/>-->
<!--            <result property="genResult" column="genResult" jdbcType="VARCHAR"/>-->
<!--            <result property="userId" column="userId" jdbcType="BIGINT"/>-->
<!--            <result property="createTime" column="createTime" jdbcType="TIMESTAMP"/>-->
<!--            <result property="updateTime" column="updateTime" jdbcType="TIMESTAMP"/>-->
<!--            <result property="isDelete" column="isDelete" jdbcType="TINYINT"/>-->
<!--    </resultMap>-->

</mapper>
